mass_Msun,radius_Rsun,radius_km
4.813136110224980335e-02,3.429472112397144445e-02,2.385883748594693316e+04
5.095984972463445117e-02,3.363405370133563249e-02,2.339921116001919654e+04
5.395055675685634516e-02,3.298584606781329587e-02,2.294825310937770701e+04
5.711222212765261486e-02,3.234984828933071960e-02,2.250578945488738100e+04
6.045397764219455350e-02,3.172581467814957618e-02,2.207164927158865976e+04
6.398535329399966665e-02,3.111350367889840346e-02,2.164566450940961658e+04
6.771628187143867439e-02,3.051267778570343134e-02,2.122766993551387714e+04
7.165710153891302614e-02,2.992310344248480872e-02,2.081750306493668177e+04
7.581855603966970725e-02,2.934455095702323546e-02,2.041500410080106667e+04
8.021179213215239023e-02,2.877679440969855076e-02,2.002001587082728292e+04
8.484835383696036348e-02,2.821961157865138931e-02,1.963238377526777185e+04
8.974017303600599627e-02,2.767278385353285144e-02,1.925195572690280460e+04
9.489955593244779608e-02,2.713609616787202028e-02,1.887858210398856318e+04
1.003391648479295267e-01,2.660933692630393713e-02,1.851211569962964859e+04
1.060719948066133067e-01,2.609229794361188001e-02,1.815241167937078353e+04
1.121113443326414022e-01,2.558477438529367654e-02,1.779932753984881128e+04
1.184707798731585437e-01,2.508656471744179564e-02,1.745272307392425864e+04
1.251640932532156747e-01,2.459747066181880090e-02,1.711246033942733993e+04
1.322052515751222235e-01,2.411729715500590676e-02,1.677840363073760818e+04
1.396083389966771837e-01,2.364585232477669358e-02,1.645041946234714487e+04
1.473874898593842409e-01,2.318294746307240570e-02,1.612837655005947272e+04
1.555568126986964783e-01,2.272839701469735185e-02,1.581214580312494763e+04
1.641303047487545630e-01,2.228201857483141923e-02,1.550160032251021948e+04
1.731217566630293414e-01,2.184363289303924843e-02,1.519661540368740498e+04
1.825446473091145716e-01,2.141306388856608137e-02,1.489706854727542122e+04
1.924120286630529031e-01,2.099013867736639061e-02,1.460283947784379779e+04
2.027364010268637995e-01,2.057468760311484055e-02,1.431381016548699336e+04
2.135295790244001179e-01,2.016654428690529965e-02,1.402986486040001546e+04
2.248025490898479528e-01,1.976554567677071481e-02,1.375089012732938500e+04
2.365653194521817881e-01,1.937153211518384197e-02,1.347677489253339809e+04
2.488267639285154098e-01,1.898434740799114298e-02,1.320741049173943793e+04
2.615944611652309404e-01,1.860383890354110753e-02,1.294269072519354813e+04
2.748745312984189892e-01,1.822985757828508163e-02,1.268251191721293253e+04
2.886714723320835674e-01,1.786225812737703492e-02,1.242677297921620448e+04
3.029879988430589366e-01,1.750089905545718777e-02,1.217537547288156566e+04
3.178248858971541302e-01,1.714564277117228142e-02,1.192822367590455542e+04
3.331808212914427747e-01,1.679635568009913565e-02,1.168522464664496874e+04
3.490522694000584014e-01,1.645290827479049464e-02,1.144628828677174897e+04
3.654333499839846899e-01,1.611517521545277609e-02,1.121132739739049612e+04
3.823157353171341977e-01,1.578303540820308326e-02,1.098025773348688563e+04
3.996885688636427902e-01,1.545637206752799309e-02,1.075299804737922386e+04
4.175384085129082434e-01,1.513507276696657647e-02,1.052947012397864637e+04
4.358491970396605741e-01,1.481902947470618501e-02,1.030959880555309246e+04
4.546022619969768974e-01,1.450813857171224554e-02,1.009331200434020866e+04
4.737763466963952341e-01,1.420230084948344816e-02,9.880540700985633521e+03
4.933476732835011536e-01,1.390142148762405286e-02,9.671218928940052137e+03
5.132900382041315490e-01,1.360541001017679524e-02,9.465283744079995813e+03
5.335749396036252312e-01,1.331418021885618676e-02,9.262675178258248707e+03
5.541717354318914657e-01,1.302765010376732285e-02,9.063336177190925810e+03
5.750478302793678997e-01,1.274574173608256610e-02,8.867212525792641827e+03
5.961688882612118379e-01,1.246838113453473118e-02,8.674252755295812676e+03
6.174990686396414352e-01,1.219549811849235214e-02,8.484408041035128917e+03
6.390012803511155859e-01,1.192702613914638915e-02,8.297632085004142937e+03
6.606374511856857312e-01,1.166290210051864132e-02,8.113880991330818688e+03
6.823688071042168790e-01,1.140306616352731138e-02,7.933113129965950066e+03
7.041561570307736106e-01,1.114746154381492799e-02,7.755288996032044452e+03
7.259601784746344544e-01,1.089603430122727465e-02,7.580371063363815665e+03
7.477416994649467297e-01,1.064873312597674516e-02,7.408323635742021906e+03
7.694619725450145831e-01,1.040550912298908448e-02,7.239112696863506244e+03
7.910829369369670738e-01,1.016631559812051881e-02,7.072705761612444803e+03
8.125674654339207770e-01,9.931107847668433491e-03,6.909071729622929524e+03
8.338795930808464707e-01,9.699842955365406763e-03,6.748180744047713233e+03
8.549847252622729821e-01,9.472479594664321920e-03,6.590004054007968989e+03
8.758498233719520520e-01,9.248977842238440689e-03,6.434513884845283428e+03
8.964435668036853100e-01,9.029299003741973056e-03,6.281683316903290688e+03
9.167364905406186759e-01,8.813405446607034191e-03,6.131486169204514226e+03
9.367010981355724519e-01,8.601260450368696658e-03,5.983896895321502598e+03
9.563119503130343979e-01,8.392828065560287848e-03,5.838890485210292354e+03
9.755457298514947917e-01,8.188072988942122002e-03,5.696442378407034084e+03
9.943812837241373659e-01,7.986960447217542058e-03,5.556528383129243593e+03
1.012799643782905878e+00,7.789456096860165012e-03,5.419124606585616675e+03
1.030784027466520980e+00,7.595525933968594844e-03,5.284207392261952009e+03
1.048319820195656504e+00,7.405136214843651213e-03,5.151753264666728683e+03
1.065394541220507030e+00,7.218253387907049359e-03,5.021738881966934059e+03
1.081997794737195706e+00,7.034844034506925262e-03,4.894140994806467461e+03
1.098121208121986658e+00,6.854874818971254911e-03,4.768936411558302098e+03
1.113758359098338202e+00,6.678312446000284064e-03,4.646101968682397455e+03
1.128904693603164811e+00,6.505123625474266806e-03,4.525614506242447533e+03
1.143557436048985076e+00,6.335275043852124643e-03,4.407450848007923014e+03
1.157715493574919874e+00,6.168733338367068768e-03,4.291587783501969170e+03
1.171379355781110521e+00,6.005465079458136880e-03,4.178002055779025795e+03
1.184550991315433510e+00,5.845436754416025171e-03,4.066670350047229022e+03
1.197233742554677738e+00,5.688614754677785365e-03,3.957569284829335174e+03
1.209432219517632578e+00,5.534965366189445284e-03,3.850675405257996772e+03
1.221152194002481206e+00,5.384454761997337947e-03,3.745965177921547820e+03
1.232400494821009440e+00,5.237048994723215480e-03,3.643414985628940940e+03
1.243184904910305644e+00,5.092713992293325213e-03,3.543001124438466377e+03
1.253514060961547605e+00,4.951415553613247936e-03,3.444699800648736527e+03
1.263397356125757653e+00,4.813119344786872915e-03,3.348487128168227628e+03
1.272844846239581607e+00,4.677790895442432255e-03,3.254339125959300418e+03
1.281867159969603653e+00,4.545395595975837942e-03,3.162231716120390502e+03
1.290475413114275494e+00,4.415898694329276931e-03,3.072140721644877885e+03
1.298681127341511310e+00,4.289265293634840839e-03,2.984041864781758704e+03
1.306496153475598554e+00,4.165460348218824604e-03,2.897910764255836057e+03
1.313932599402143353e+00,4.044448661891074034e-03,2.813722934077619811e+03
1.321002762767853111e+00,3.926194884313125369e-03,2.731453781016641187e+03
1.327719068304642036e+00,3.810663509380154534e-03,2.651078603475773434e+03
1.334094009775250278e+00,3.697818871962536749e-03,2.572572589224336753e+03
1.340140096420120219e+00,3.587625146384462813e-03,2.495910814339670651e+03
1.345869804221492716e+00,3.480046344207714509e-03,2.421068241665307141e+03
1.351295531128558158e+00,3.375046314458017820e-03,2.348019720968442925e+03
1.356429556879031884e+00,3.272588743124754760e-03,2.276739988591891688e+03
1.361284006879115216e+00,3.172637152979941068e-03,2.207203667328145002e+03
1.365870819757264210e+00,3.075154906641596950e-03,2.139385268550558976e+03
1.370201718750784226e+00,2.980105208390499989e-03,2.073259193477270856e+03
1.374288186631559716e+00,2.887451107236266388e-03,2.008799735304270371e+03
1.378141443993483151e+00,2.797155503668502692e-03,1.945981083902177261e+03
1.381772430687712827e+00,2.709181154655666054e-03,1.884777329293946877e+03
1.385191790220627217e+00,2.623490681563058619e-03,1.825162467163419933e+03
1.388409856924006425e+00,2.540046580112602717e-03,1.767110405784337900e+03
1.391436645700590891e+00,2.458811229700400176e-03,1.710594972502568453e+03
1.394281844145323523e+00,2.379746905731820565e-03,1.655589922317627725e+03
1.396954806882424682e+00,2.302815793904311372e-03,1.602068947819229379e+03
1.399464551909769483e+00,2.227980003219636428e-03,1.550005688239901019e+03
1.401819758786672088e+00,2.155201583119440573e-03,1.499373741376194857e+03
1.404028768507355585e+00,2.084442541023967532e-03,1.450146675790374275e+03
1.406099584875792230e+00,2.015664859503045036e-03,1.402298042756268387e+03
1.408039877237871940e+00,1.948830516906470455e-03,1.355801390611831494e+03
1.409856984431832716e+00,1.883901507928420786e-03,1.310630279065802370e+03
1.411557919797865823e+00,1.820839864004333451e-03,1.266758293387814774e+03
